{
  "roc_auc": 0.9979821367040331,
  "pr_auc": 0.9988600611134073,
  "classification_report": {
    "0": {
      "precision": 0.9718498659517426,
      "recall": 0.9744623655913979,
      "f1-score": 0.9731543624161074,
      "support": 8184.0
    },
    "1": {
      "precision": 0.9891614375356532,
      "recall": 0.9880341880341881,
      "f1-score": 0.9885974914481186,
      "support": 19305.0
    },
    "accuracy": 0.9839935974389756,
    "macro avg": {
      "precision": 0.9805056517436979,
      "recall": 0.981248276812793,
      "f1-score": 0.980875926932113,
      "support": 27489.0
    },
    "weighted avg": {
      "precision": 0.9840074522381624,
      "recall": 0.9839935974389756,
      "f1-score": 0.9839997771624778,
      "support": 27489.0
    }
  },
  "confusion_matrix": [
    [
      7975,
      209
    ],
    [
      231,
      19074
    ]
  ]
}